dataset,column,dtype,null_pct,n_unique,source,meaning,example_values
historical_2015_2024,player_season_uid,int64,0.0,6360,Engineered key/label,Stable unique identifier for player-season-team row,203 (10); 30533 (10); 2807 (10)
historical_2015_2024,player_name,object,0.0,6412,Merged identifier/context,Merged or engineered feature,Danilo (23); Adama Traoré (14); Marcelo (13)
historical_2015_2024,season,int64,0.0,10,Merged identifier/context,Merged or engineered feature,2022 (2313); 2021 (2308); 2023 (2254)
historical_2015_2024,team_name,object,0.0,168,Merged identifier/context,Merged or engineered feature,Bologna (264); Fiorentina (258); Juventus (257)
historical_2015_2024,league_id,int64,0.0,5,Merged identifier/context,Merged or engineered feature,135 (4887); 78 (3864); 39 (3726)
historical_2015_2024,api_player_id,int64,0.0,6360,API-Football,API-Football player-season stat/attribute,203 (10); 30533 (10); 2807 (10)
historical_2015_2024,api_team_id,int64,0.0,160,API-Football,API-Football player-season stat/attribute,500 (255); 495 (254); 496 (246)
historical_2015_2024,model_position,object,0.0,4,Engineered key/label,"Coarse position group used for model segmentation (G, D, M, F)",M (7408); D (6472); F (4215)
historical_2015_2024,api_position,object,0.0,4,API-Football,API-Football player-season stat/attribute,M (7408); D (6472); F (4215)
historical_2015_2024,target_market_value_eur,float64,0.0,133,Transfermarkt target layer,Current season market value target in EUR,2000000.0 (1044); 3000000.0 (979); 1500000.0 (970)
historical_2015_2024,target_market_value_log,float64,0.0,133,Transfermarkt target layer,Log-transformed target market value: log1p(target_market_value_eur),14.508658238524095 (1044); 14.914123179965662 (979); 14.220976332738882 (970)
historical_2015_2024,last_market_value_eur,float64,0.0,141,Transfermarkt target layer,Previous market value from source data in EUR,2000000.0 (1047); 5000000.0 (946); 3000000.0 (945)
historical_2015_2024,last_market_value_log,float64,0.0,141,Transfermarkt target layer,Log-transformed previous market value: log1p(last_market_value_eur),14.508658238524095 (1047); 15.424948670398354 (946); 14.914123179965662 (945)
historical_2015_2024,has_last_market_value,int64,0.0,1,Engineered/Merged,Flag (1/0) indicating previous market value availability,1 (19718)
historical_2015_2024,api_player_name,object,0.0,6412,API-Football,API-Football player-season stat/attribute,Danilo (23); Adama Traoré (14); Marcelo (13)
historical_2015_2024,api_team_name,object,0.0,168,API-Football,API-Football player-season stat/attribute,Bologna (264); Fiorentina (258); Juventus (257)
historical_2015_2024,api_league_id,int64,0.0,5,API-Football,API-Football player-season stat/attribute,135 (4887); 78 (3864); 39 (3726)
historical_2015_2024,api_season,int64,0.0,10,API-Football,API-Football player-season stat/attribute,2022 (2313); 2021 (2308); 2023 (2254)
historical_2015_2024,api_squad_rows,int64,0.0,40,API-Football,API-Football player-season stat/attribute,33 (1073); 34 (1035); 31 (929)
historical_2015_2024,api_appearances,int64,0.0,39,API-Football,API-Football player-season stat/attribute,1 (870); 31 (792); 33 (784)
historical_2015_2024,api_starts,int64,0.0,39,API-Football,API-Football player-season stat/attribute,0 (1044); 1 (937); 2 (660)
historical_2015_2024,api_sub_appearances,int64,0.0,31,API-Football,API-Football player-season stat/attribute,0 (4590); 1 (3153); 2 (2232)
historical_2015_2024,api_minutes,int64,0.0,3308,API-Football,API-Football player-season stat/attribute,90 (208); 3420 (110); 1 (90)
historical_2015_2024,api_avg_rating,float64,0.0,1542,API-Football,API-Football player-season stat/attribute,6.3 (177); 6.846 (175); 6.7 (154)
historical_2015_2024,api_offsides,int64,0.0,44,API-Football,API-Football player-season stat/attribute,0 (12935); 1 (2202); 2 (1236)
historical_2015_2024,api_shots_total,int64,0.0,156,API-Football,API-Football player-season stat/attribute,0 (3115); 1 (1077); 2 (902)
historical_2015_2024,api_shots_on,int64,0.0,82,API-Football,API-Football player-season stat/attribute,0 (5002); 1 (2273); 2 (1772)
historical_2015_2024,api_goals_total,int64,0.0,40,API-Football,API-Football player-season stat/attribute,0 (9356); 1 (3563); 2 (1968)
historical_2015_2024,api_goals_conceded,int64,0.0,80,API-Football,API-Football player-season stat/attribute,0 (18183); 2 (83); 1 (78)
historical_2015_2024,api_goals_assists,int64,0.0,20,API-Football,API-Football player-season stat/attribute,0 (9559); 1 (3913); 2 (2296)
historical_2015_2024,api_goals_saves,int64,0.0,154,API-Football,API-Football player-season stat/attribute,0 (18142); 2 (58); 1 (54)
historical_2015_2024,api_passes_total,int64,0.0,2132,API-Football,API-Football player-season stat/attribute,1 (101); 2 (91); 3 (91)
historical_2015_2024,api_passes_key,int64,0.0,118,API-Football,API-Football player-season stat/attribute,0 (2859); 1 (1492); 2 (1141)
historical_2015_2024,api_tackles_total,int64,0.0,130,API-Football,API-Football player-season stat/attribute,0 (5506); 1 (920); 2 (646)
historical_2015_2024,api_tackles_blocks,int64,0.0,56,API-Football,API-Football player-season stat/attribute,0 (9257); 1 (2260); 2 (1592)
historical_2015_2024,api_tackles_interceptions,int64,0.0,127,API-Football,API-Football player-season stat/attribute,0 (2689); 1 (1389); 2 (1022)
historical_2015_2024,api_duels_total,int64,0.0,604,API-Football,API-Football player-season stat/attribute,0 (791); 1 (326); 2 (255)
historical_2015_2024,api_duels_won,int64,0.0,328,API-Football,API-Football player-season stat/attribute,0 (1033); 1 (449); 2 (346)
historical_2015_2024,api_dribbles_attempts,int64,0.0,208,API-Football,API-Football player-season stat/attribute,0 (2538); 1 (1169); 2 (829)
historical_2015_2024,api_dribbles_success,int64,0.0,133,API-Football,API-Football player-season stat/attribute,0 (3188); 1 (1544); 2 (1218)
historical_2015_2024,api_dribbles_past,int64,0.0,88,API-Football,API-Football player-season stat/attribute,0 (2272); 1 (1348); 2 (994)
historical_2015_2024,api_fouls_drawn,int64,0.0,122,API-Football,API-Football player-season stat/attribute,0 (1742); 1 (1101); 2 (889)
historical_2015_2024,api_fouls_committed,int64,0.0,93,API-Football,API-Football player-season stat/attribute,0 (2038); 1 (984); 2 (637)
historical_2015_2024,api_cards_yellow,int64,0.0,18,API-Football,API-Football player-season stat/attribute,0 (4237); 1 (3307); 2 (2762)
historical_2015_2024,api_cards_red,int64,0.0,6,API-Football,API-Football player-season stat/attribute,0 (17182); 1 (2288); 2 (226)
historical_2015_2024,api_penalty_won,int64,0.0,9,API-Football,API-Football player-season stat/attribute,0 (17053); 1 (2043); 2 (472)
historical_2015_2024,api_penalty_commited,int64,0.0,6,API-Football,API-Football player-season stat/attribute,0 (16266); 1 (2801); 2 (530)
historical_2015_2024,api_penalty_scored,int64,0.0,14,API-Football,API-Football player-season stat/attribute,0 (18058); 1 (828); 2 (353)
historical_2015_2024,api_penalty_missed,int64,0.0,5,API-Football,API-Football player-season stat/attribute,0 (18866); 1 (721); 2 (114)
historical_2015_2024,api_penalty_saved,int64,0.0,5,API-Football,API-Football player-season stat/attribute,0 (19233); 1 (338); 2 (105)
historical_2015_2024,api_goals_total_per90,float64,0.0,885,API-Football,Rate per 90 minutes,0.0 (9356); 0.03 (76); 0.035 (72)
historical_2015_2024,api_goals_assists_per90,float64,0.0,633,API-Football,Rate per 90 minutes,0.0 (9559); 0.062 (84); 0.032 (78)
historical_2015_2024,api_shots_total_per90,float64,0.0,3413,API-Football,Rate per 90 minutes,0.0 (3115); 1.0 (32); 0.446 (26)
historical_2015_2024,api_shots_on_per90,float64,0.0,1812,API-Football,Rate per 90 minutes,0.0 (5002); 0.125 (46); 0.101 (41)
historical_2015_2024,api_passes_key_per90,float64,0.0,2789,API-Football,Rate per 90 minutes,0.0 (2859); 1.0 (32); 0.029 (30)
historical_2015_2024,api_tackles_total_per90,float64,0.0,3390,API-Football,Rate per 90 minutes,0.0 (5506); 1.0 (27); 2.0 (27)
historical_2015_2024,api_duels_won_per90,float64,0.0,6678,API-Football,Rate per 90 minutes,0.0 (1033); 0.5 (58); 5.625 (53)
historical_2015_2024,api_cards_yellow_per90,float64,0.0,926,API-Football,Rate per 90 minutes,0.0 (4237); 0.111 (66); 0.088 (64)
historical_2015_2024,api_cards_red_per90,float64,0.0,276,API-Football,Rate per 90 minutes,0.0 (17182); 0.033 (72); 0.034 (72)
historical_2015_2024,api_all_team_names_in_season,object,93.88,967,API-Football,API-Football player-season stat/attribute,nan (18511); Sampdoria|Verona (7); Fiorentina|Verona (6)
historical_2015_2024,understat_league,object,0.0,5,Understat,Understat player-season stat/attribute,ITA-Serie A (4886); GER-Bundesliga (3866); ENG-Premier League (3726)
historical_2015_2024,api_height,int64,0.0,43,API-Football,API-Football player-season stat/attribute,180 (1525); 185 (1336); 183 (1305)
historical_2015_2024,api_weight,int64,0.0,49,API-Football,API-Football player-season stat/attribute,75 (1379); 70 (1219); 76 (1147)
historical_2015_2024,understat_season,int64,0.0,10,Understat,Understat player-season stat/attribute,2223 (2313); 2122 (2308); 2324 (2254)
historical_2015_2024,understat_team,object,0.0,160,Understat,Understat player-season stat/attribute,Bologna (263); Genoa (255); AC Milan (248)
historical_2015_2024,understat_player,object,0.0,6310,Understat,Understat player-season stat/attribute,Danilo (23); Adama Traoré (14); Felipe (13)
historical_2015_2024,understat_league_id,int64,0.0,5,Understat,Understat player-season stat/attribute,2 (4886); 3 (3866); 1 (3726)
historical_2015_2024,understat_season_id,int64,0.0,10,Understat,Understat player-season stat/attribute,2022 (2313); 2021 (2308); 2023 (2254)
historical_2015_2024,understat_team_id,int64,0.0,160,Understat,Understat player-season stat/attribute,97 (263); 101 (255); 111 (248)
historical_2015_2024,understat_player_id,int64,0.0,6352,Understat,Understat player-season stat/attribute,3297 (11); 320 (11); 1504 (10)
historical_2015_2024,understat_position,object,0.0,16,Understat,Understat player-season stat/attribute,M S (3966); D S (3837); F M S (2889)
historical_2015_2024,understat_matches,int64,0.0,55,Understat,Understat player-season stat/attribute,1 (868); 31 (788); 33 (771)
historical_2015_2024,understat_minutes,int64,0.0,3307,Understat,Understat player-season stat/attribute,90 (205); 1 (158); 3420 (122)
historical_2015_2024,understat_goals,int64,0.0,40,Understat,Understat player-season stat/attribute,0 (9375); 1 (3549); 2 (1968)
historical_2015_2024,understat_xg,float64,0.0,16741,Understat,Understat player-season stat/attribute,0.0 (2947); 0.75777667760849 (2); 4.09797 (2)
historical_2015_2024,understat_np_goals,int64,0.0,34,Understat,Understat player-season stat/attribute,0 (9499); 1 (3634); 2 (2013)
historical_2015_2024,understat_np_xg,float64,0.0,16738,Understat,Understat player-season stat/attribute,0.0 (2951); 4.09797 (2); 0.517836 (2)
historical_2015_2024,understat_assists,int64,0.0,20,Understat,Understat player-season stat/attribute,0 (9579); 1 (3908); 2 (2288)
historical_2015_2024,understat_xa,float64,0.0,16815,Understat,Understat player-season stat/attribute,0.0 (2872); 1.74309 (2); 2.86552 (2)
historical_2015_2024,understat_shots,int64,0.0,165,Understat,Understat player-season stat/attribute,0 (2947); 1 (975); 2 (800)
historical_2015_2024,understat_key_passes,int64,0.0,118,Understat,Understat player-season stat/attribute,0 (2868); 1 (1514); 2 (1169)
historical_2015_2024,understat_yellow_cards,int64,0.0,19,Understat,Understat player-season stat/attribute,0 (4342); 1 (3425); 2 (2867)
historical_2015_2024,understat_red_cards,int64,0.0,6,Understat,Understat player-season stat/attribute,0 (17235); 1 (2245); 2 (213)
historical_2015_2024,understat_xg_chain,float64,0.0,18951,Understat,Understat player-season stat/attribute,0.0 (735); 0.090287297964096 (2); 13.3231 (2)
historical_2015_2024,understat_xg_buildup,float64,0.0,18630,Understat,Understat player-season stat/attribute,0.0 (1057); 10.7275 (2); 18.1113 (2)
historical_2015_2024,market_value_date,object,0.0,324,Transfermarkt target layer,Merged or engineered feature,2016-07-15 (717); 2022-06-07 (470); 2023-06-15 (460)
historical_2015_2024,transfermarkt_team_name,object,0.0,661,Transfermarkt,Transfermarkt attribute,Juventus FC (234); Bologna FC 1909 (231); AC Milan (228)
historical_2015_2024,transfermarkt_age_at_season,float64,0.0,27,Transfermarkt,Player age aligned to season from Transfermarkt,24.0 (1677); 25.0 (1653); 26.0 (1646)
historical_2015_2024,transfermarkt_match_level,object,0.0,2,Transfermarkt,Transfermarkt attribute,player_match (11384); team_match (8334)
historical_2015_2024,last_market_value_date,object,0.0,462,Transfermarkt target layer,Merged or engineered feature,2015-07-01 (1404); 2016-07-15 (651); 2017-06-28 (404)
historical_2015_2024,last_transfermarkt_team_name,object,0.0,909,Transfermarkt,Transfermarkt metadata for previous market value,Juventus FC (228); AC Milan (216); Chelsea FC (213)
historical_2015_2024,last_transfermarkt_match_level,object,0.0,2,Transfermarkt,Transfermarkt metadata for previous market value,player_match (13212); team_match (6506)
historical_2015_2024,matched_last_transfermarkt,int64,0.0,1,Engineered/Merged,Merged or engineered feature,1 (19718)
historical_2015_2024,understat_match_level,object,0.0,2,Understat,Understat player-season stat/attribute,player_league (19715); player_only (3)
historical_2015_2024,matched_understat,int64,0.0,1,Engineered/Merged,Merged or engineered feature,1 (19718)
historical_2015_2024,matched_transfermarkt,int64,0.0,1,Engineered/Merged,Merged or engineered feature,1 (19718)
historical_2015_2024,player_season_duplicate_n,int64,0.0,1,Engineered key/label,Merged or engineered feature,0 (19718)
historical_2015_2024,player_age,float64,0.0,27,Engineered/Merged,Model age feature (from transfermarkt_age_at_season),24.0 (1677); 25.0 (1653); 26.0 (1646)
historical_2015_2024,player_age_sq,float64,0.0,27,Engineered/Merged,Merged or engineered feature,576.0 (1677); 625.0 (1653); 676.0 (1646)
historical_2015_2024,age_peak_gap,float64,0.0,27,Engineered/Merged,Merged or engineered feature,-3.0 (1677); -2.0 (1653); -1.0 (1646)
historical_2015_2024,is_u21,int64,0.0,2,Engineered feature,Merged or engineered feature,0 (16054); 1 (3664)
historical_2015_2024,is_u23,int64,0.0,2,Engineered feature,Merged or engineered feature,0 (13011); 1 (6707)
historical_2015_2024,is_over30,int64,0.0,2,Engineered feature,Merged or engineered feature,0 (15783); 1 (3935)
historical_2015_2024,player_height_cm,int64,0.0,43,Engineered/Merged,Player height in centimeters,180 (1525); 185 (1336); 183 (1305)
historical_2015_2024,player_weight_kg,int64,0.0,49,Engineered/Merged,Player weight in kilograms,75 (1379); 70 (1219); 76 (1147)
historical_2015_2024,player_bmi,float64,0.0,768,Engineered/Merged,Body Mass Index computed from height and weight,23.148148148148145 (249); 22.857142857142858 (179); 23.37472607742878 (157)
historical_2015_2024,api_avg_rating_missing,int64,0.0,2,API-Football,Missing-value indicator flag for companion column,0 (19572); 1 (146)
historical_2015_2024,log_minutes,float64,0.0,3308,Engineered/Merged,Merged or engineered feature,4.51085950651685 (208); 8.137688184977605 (110); 0.6931471805599453 (90)
historical_2015_2024,minutes_share_3420,float64,0.0,3303,Engineered/Merged,Merged or engineered feature,0.0263157894736842 (208); 1.0 (119); 0.0002923976608187 (90)
historical_2015_2024,minutes_per_appearance,float64,0.0,10252,Engineered/Merged,Merged or engineered feature,90.0 (1325); 1.0 (94); 9.0 (59)
historical_2015_2024,start_rate,float64,0.0,396,Engineered/Merged,Merged or engineered feature,1.0 (4590); 0.0 (1044); 0.5 (498)
historical_2015_2024,minutes_per_start,float64,0.0,7864,Engineered/Merged,Merged or engineered feature,90.0 (1359); 0.0 (1044); 89.0 (64)
historical_2015_2024,sub_appearance_rate,float64,0.0,396,Engineered/Merged,Merged or engineered feature,0.0 (4590); 1.0 (1044); 0.5 (498)
historical_2015_2024,understat_goals_per90,float64,0.0,6248,Understat,Rate per 90 minutes,0.0 (9375); 0.0526315789473684 (15); 0.371900826446281 (10)
historical_2015_2024,understat_xg_per90,float64,0.0,16743,Understat,Rate per 90 minutes,0.0 (2947); 0.2250258084197681 (2); 0.0274795047169811 (2)
historical_2015_2024,understat_np_goals_per90,float64,0.0,6068,Understat,Rate per 90 minutes,0.0 (9499); 0.0526315789473684 (16); 0.2083333333333333 (11)
historical_2015_2024,understat_np_xg_per90,float64,0.0,16739,Understat,Rate per 90 minutes,0.0 (2951); 0.2250258084197681 (2); 0.0274795047169811 (2)
historical_2015_2024,understat_assists_per90,float64,0.0,5477,Understat,Rate per 90 minutes,0.0 (9579); 0.0263157894736842 (17); 0.0526315789473684 (12)
historical_2015_2024,understat_xa_per90,float64,0.0,16817,Understat,Rate per 90 minutes,0.0 (2872); 0.1639493593654667 (2); 0.0924988797169811 (2)
historical_2015_2024,understat_shots_per90,float64,0.0,12016,Understat,Rate per 90 minutes,0.0 (2947); 1.0 (28); 3.103448275862069 (20)
historical_2015_2024,understat_key_passes_per90,float64,0.0,11289,Understat,Rate per 90 minutes,0.0 (2868); 0.0526315789473684 (28); 1.0 (25)
historical_2015_2024,understat_xg_chain_per90,float64,0.0,18954,Understat,Rate per 90 minutes,0.0 (735); 0.639780070754717 (2); 0.8094461538461537 (2)
historical_2015_2024,understat_xg_buildup_per90,float64,0.0,18632,Understat,Rate per 90 minutes,0.0 (1057); 0.5692659198113207 (2); 0.5572707692307692 (2)
historical_2015_2024,shot_on_target_rate,float64,0.0,982,Engineered/Merged,Merged or engineered feature,0.0 (5002); 0.5 (1303); 0.3333333333333333 (1043)
historical_2015_2024,goal_conversion_rate,float64,0.0,712,Engineered/Merged,Merged or engineered feature,0.0 (9356); 0.1666666666666666 (462); 0.2 (449)
historical_2015_2024,dribble_success_rate,float64,0.0,1474,Engineered/Merged,Merged or engineered feature,0.0 (3188); 1.0 (1643); 0.5 (1359)
historical_2015_2024,duel_win_rate,float64,0.0,6736,Engineered/Merged,Merged or engineered feature,0.0 (1033); 0.5 (576); 1.0 (481)
historical_2015_2024,goals_minus_xg,float64,0.0,16741,Engineered/Merged,Merged or engineered feature,0.0 (2947); 0.24222332239151 (2); 0.90203 (2)
historical_2015_2024,np_goals_minus_np_xg,float64,0.0,16738,Engineered/Merged,Merged or engineered feature,0.0 (2951); 0.90203 (2); -0.517836 (2)
historical_2015_2024,assists_minus_xa,float64,0.0,16815,Engineered/Merged,Merged or engineered feature,0.0 (2872); -0.74309 (2); 0.1344799999999999 (2)
historical_2015_2024,xg_xa_per90,float64,0.0,17669,Engineered/Merged,Rate per 90 minutes,0.0 (2020); 0.3889751677852349 (2); 0.1199783844339622 (2)
historical_2015_2024,np_xg_xa_per90,float64,0.0,17669,Engineered/Merged,Rate per 90 minutes,0.0 (2020); 0.3889751677852349 (2); 0.1199783844339622 (2)
historical_2015_2024,goals_assists_per90,float64,0.0,1394,Engineered/Merged,Rate per 90 minutes,0.0 (6677); 0.062 (67); 0.084 (59)
historical_2015_2024,cards_per90,float64,0.0,8204,Engineered/Merged,Rate per 90 minutes,0.0 (4119); 0.0526315789473684 (34); 0.0294117647058823 (28)
historical_2015_2024,api_minutes_pos_season_pct,float64,0.0,15520,API-Football,Percentile rank within season and model position,1.0 (27); 0.0978835978835978 (22); 0.1196808510638298 (22)
historical_2015_2024,api_avg_rating_pos_season_pct,float64,0.0,12720,API-Football,Percentile rank within season and model position,1.0 (40); 0.5 (23); 0.3333333333333333 (16)
historical_2015_2024,goals_assists_per90_pos_season_pct,float64,0.0,8261,Engineered feature,Percentile rank within season and model position,0.2087696335078534 (318); 0.194 (290); 0.2073170731707317 (288)
historical_2015_2024,xg_xa_per90_pos_season_pct,float64,0.0,16213,Engineered feature,Percentile rank within season and model position,0.3426966292134831 (242); 0.3723404255319149 (139); 0.3518518518518518 (132)
historical_2015_2024,np_xg_xa_per90_pos_season_pct,float64,0.0,16213,Engineered feature,Percentile rank within season and model position,0.3426966292134831 (242); 0.3723404255319149 (139); 0.3518518518518518 (132)
historical_2015_2024,understat_xg_chain_per90_pos_season_pct,float64,0.0,16968,Understat,Percentile rank within season and model position,1.0 (40); 0.0268324607329842 (40); 0.0187793427230046 (31)
historical_2015_2024,understat_xg_buildup_per90_pos_season_pct,float64,0.0,16693,Understat,Percentile rank within season and model position,0.0311004784688995 (51); 0.0464015151515151 (48); 0.0301047120418848 (45)
historical_2015_2024,api_tackles_total_per90_pos_season_pct,float64,0.0,11693,API-Football,Percentile rank within season and model position,0.4048165137614679 (705); 0.3755980861244019 (627); 0.4033149171270718 (583)
historical_2015_2024,api_duels_won_per90_pos_season_pct,float64,0.0,15657,API-Football,Percentile rank within season and model position,0.1937669376693767 (142); 0.2136222910216718 (137); 0.2068181818181818 (90)
historical_2015_2024,api_passes_key_per90_pos_season_pct,float64,0.0,13078,API-Football,Percentile rank within season and model position,0.3829787234042553 (143); 0.3624338624338624 (136); 0.3597883597883597 (135)
historical_2015_2024,shot_on_target_rate_pos_season_pct,float64,0.0,4517,Engineered feature,Percentile rank within season and model position,0.5 (556); 0.5028089887640449 (356); 0.1452879581151832 (221)
historical_2015_2024,duel_win_rate_pos_season_pct,float64,0.0,13615,Engineered feature,Percentile rank within season and model position,0.1937669376693767 (142); 0.2136222910216718 (137); 0.2068181818181818 (90)
prediction_2025,player_season_uid,int64,0.0,2057,Engineered key/label,Stable unique identifier for player-season-team row,444984 (1); 22221 (1); 754 (1)
prediction_2025,player_name,object,0.0,2053,Merged identifier/context,Merged or engineered feature,David López (2); Idrissa Gueye (2); Vitinha (2)
prediction_2025,season,int64,0.0,1,Merged identifier/context,Merged or engineered feature,2025 (2057)
prediction_2025,team_name,object,0.0,96,Merged identifier/context,Merged or engineered feature,Hellas Verona (27); Nottingham Forest (27); Napoli (26)
prediction_2025,league_id,int64,0.0,5,Merged identifier/context,Merged or engineered feature,135 (452); 39 (434); 140 (415)
prediction_2025,api_player_id,int64,0.0,2057,API-Football,API-Football player-season stat/attribute,444984 (1); 22221 (1); 754 (1)
prediction_2025,api_team_id,int64,0.0,96,API-Football,API-Football player-season stat/attribute,487 (26); 503 (26); 65 (26)
prediction_2025,model_position,object,0.0,4,Engineered key/label,"Coarse position group used for model segmentation (G, D, M, F)",M (729); D (690); F (488)
prediction_2025,api_position,object,0.0,4,API-Football,API-Football player-season stat/attribute,M (729); D (690); F (488)
prediction_2025,target_market_value_eur,float64,100.0,0,Transfermarkt target layer,Current season market value target in EUR,nan (2057)
prediction_2025,target_market_value_log,float64,100.0,0,Transfermarkt target layer,Log-transformed target market value: log1p(target_market_value_eur),nan (2057)
prediction_2025,last_market_value_eur,float64,0.0,96,Transfermarkt target layer,Previous market value from source data in EUR,5000000.0 (118); 4000000.0 (102); 2000000.0 (97)
prediction_2025,last_market_value_log,float64,0.0,96,Transfermarkt target layer,Log-transformed previous market value: log1p(last_market_value_eur),15.424948670398354 (118); 15.201805169084134 (102); 14.508658238524095 (97)
prediction_2025,has_last_market_value,int64,0.0,1,Engineered/Merged,Flag (1/0) indicating previous market value availability,1 (2057)
prediction_2025,api_player_name,object,0.0,2053,API-Football,API-Football player-season stat/attribute,David López (2); Idrissa Gueye (2); Vitinha (2)
prediction_2025,api_team_name,object,0.0,96,API-Football,API-Football player-season stat/attribute,Hellas Verona (27); Nottingham Forest (27); Napoli (26)
prediction_2025,api_league_id,int64,0.0,5,API-Football,API-Football player-season stat/attribute,135 (452); 39 (434); 140 (415)
prediction_2025,api_season,int64,0.0,1,API-Football,API-Football player-season stat/attribute,2025 (2057)
prediction_2025,api_squad_rows,int64,0.0,34,API-Football,API-Football player-season stat/attribute,30 (194); 29 (173); 28 (156)
prediction_2025,api_appearances,int64,0.0,34,API-Football,API-Football player-season stat/attribute,28 (114); 26 (105); 27 (103)
prediction_2025,api_starts,int64,0.0,35,API-Football,API-Football player-season stat/attribute,0 (135); 1 (93); 2 (80)
prediction_2025,api_sub_appearances,int64,0.0,23,API-Football,API-Football player-season stat/attribute,0 (301); 1 (217); 2 (206)
prediction_2025,api_minutes,int64,0.0,1368,API-Football,API-Football player-season stat/attribute,2700 (19); 2970 (11); 180 (9)
prediction_2025,api_avg_rating,float64,0.0,860,API-Football,API-Football player-season stat/attribute,6.6 (15); 6.9 (12); 6.846 (12)
prediction_2025,api_offsides,int64,0.0,27,API-Football,API-Football player-season stat/attribute,0 (931); 1 (381); 2 (219)
prediction_2025,api_shots_total,int64,0.0,74,API-Football,API-Football player-season stat/attribute,0 (297); 2 (123); 1 (116)
prediction_2025,api_shots_on,int64,0.0,46,API-Football,API-Football player-season stat/attribute,0 (478); 1 (263); 2 (193)
prediction_2025,api_goals_total,int64,0.0,22,API-Football,API-Football player-season stat/attribute,0 (931); 1 (425); 2 (237)
prediction_2025,api_goals_conceded,int64,0.0,53,API-Football,API-Football player-season stat/attribute,0 (1914); 7 (7); 27 (6)
prediction_2025,api_goals_assists,int64,0.0,15,API-Football,API-Football player-season stat/attribute,0 (999); 1 (464); 2 (238)
prediction_2025,api_goals_saves,int64,0.0,83,API-Football,API-Football player-season stat/attribute,0 (1908); 4 (7); 91 (7)
prediction_2025,api_passes_total,int64,0.0,1077,API-Football,API-Football player-season stat/attribute,19 (9); 1 (9); 53 (8)
prediction_2025,api_passes_key,int64,0.0,72,API-Football,API-Football player-season stat/attribute,0 (255); 1 (155); 2 (130)
prediction_2025,api_tackles_total,int64,0.0,90,API-Football,API-Football player-season stat/attribute,0 (199); 1 (97); 5 (58)
prediction_2025,api_tackles_blocks,int64,0.0,35,API-Football,API-Football player-season stat/attribute,0 (604); 1 (308); 2 (197)
prediction_2025,api_tackles_interceptions,int64,0.0,56,API-Football,API-Football player-season stat/attribute,0 (306); 1 (172); 2 (122)
prediction_2025,api_duels_total,int64,0.0,349,API-Football,API-Football player-season stat/attribute,1 (31); 6 (23); 0 (21)
prediction_2025,api_duels_won,int64,0.0,201,API-Football,API-Football player-season stat/attribute,1 (46); 0 (43); 2 (33)
prediction_2025,api_dribbles_attempts,int64,0.0,110,API-Football,API-Football player-season stat/attribute,0 (240); 1 (139); 2 (91)
prediction_2025,api_dribbles_success,int64,0.0,64,API-Football,API-Football player-season stat/attribute,0 (336); 1 (208); 2 (148)
prediction_2025,api_dribbles_past,int64,0.0,49,API-Football,API-Football player-season stat/attribute,0 (238); 1 (180); 2 (135)
prediction_2025,api_fouls_drawn,int64,0.0,70,API-Football,API-Football player-season stat/attribute,0 (153); 1 (124); 2 (104)
prediction_2025,api_fouls_committed,int64,0.0,62,API-Football,API-Football player-season stat/attribute,0 (202); 1 (85); 8 (80)
prediction_2025,api_cards_yellow,int64,0.0,12,API-Football,API-Football player-season stat/attribute,0 (460); 1 (405); 2 (340)
prediction_2025,api_cards_red,int64,0.0,4,API-Football,API-Football player-season stat/attribute,0 (1826); 1 (213); 2 (17)
prediction_2025,api_penalty_won,int64,0.0,5,API-Football,API-Football player-season stat/attribute,0 (1820); 1 (189); 2 (40)
prediction_2025,api_penalty_commited,int64,0.0,4,API-Football,API-Football player-season stat/attribute,0 (1692); 1 (314); 2 (48)
prediction_2025,api_penalty_scored,int64,0.0,9,API-Football,API-Football player-season stat/attribute,0 (1892); 1 (79); 2 (38)
prediction_2025,api_penalty_missed,int64,0.0,3,API-Football,API-Football player-season stat/attribute,0 (1968); 1 (77); 2 (12)
prediction_2025,api_penalty_saved,int64,0.0,4,API-Football,API-Football player-season stat/attribute,0 (2005); 1 (35); 2 (13)
prediction_2025,api_goals_total_per90,float64,0.0,451,API-Football,Rate per 90 minutes,0.0 (931); 0.044 (11); 0.138 (10)
prediction_2025,api_goals_assists_per90,float64,0.0,327,API-Football,Rate per 90 minutes,0.0 (999); 0.036 (12); 0.067 (11)
prediction_2025,api_shots_total_per90,float64,0.0,1167,API-Football,Rate per 90 minutes,0.0 (297); 0.526 (7); 1.023 (6)
prediction_2025,api_shots_on_per90,float64,0.0,862,API-Football,Rate per 90 minutes,0.0 (478); 0.804 (9); 0.134 (7)
prediction_2025,api_passes_key_per90,float64,0.0,1211,API-Football,Rate per 90 minutes,0.0 (255); 0.75 (5); 0.167 (5)
prediction_2025,api_tackles_total_per90,float64,0.0,1318,API-Football,Rate per 90 minutes,0.0 (199); 1.287 (6); 1.111 (6)
prediction_2025,api_duels_won_per90,float64,0.0,1608,API-Football,Rate per 90 minutes,0.0 (43); 5.625 (7); 1.0 (7)
prediction_2025,api_cards_yellow_per90,float64,0.0,493,API-Football,Rate per 90 minutes,0.0 (460); 0.056 (10); 0.189 (10)
prediction_2025,api_cards_red_per90,float64,0.0,101,API-Football,Rate per 90 minutes,0.0 (1826); 0.041 (8); 0.05 (8)
prediction_2025,api_all_team_names_in_season,object,92.56,146,API-Football,API-Football player-season stat/attribute,nan (1904); AS Roma|Genoa (2); AS Roma|Aston Villa (2)
prediction_2025,understat_league,object,0.0,5,Understat,Understat player-season stat/attribute,ITA-Serie A (452); ENG-Premier League (434); ESP-La Liga (415)
prediction_2025,api_height,int64,0.0,40,API-Football,API-Football player-season stat/attribute,180 (149); 185 (145); 188 (129)
prediction_2025,api_weight,int64,0.0,47,API-Football,API-Football player-season stat/attribute,75 (150); 70 (135); 76 (115)
prediction_2025,understat_season,int64,0.0,1,Understat,Understat player-season stat/attribute,2526 (2057)
prediction_2025,understat_team,object,0.0,96,Understat,Understat player-season stat/attribute,Napoli (26); Nottingham Forest (26); Torino (25)
prediction_2025,understat_player,object,0.0,2053,Understat,Understat player-season stat/attribute,David López (2); Idrissa Gueye (2); Vitinha (2)
prediction_2025,understat_league_id,int64,0.0,5,Understat,Understat player-season stat/attribute,2 (452); 1 (434); 4 (415)
prediction_2025,understat_season_id,int64,0.0,1,Understat,Understat player-season stat/attribute,2025 (2057)
prediction_2025,understat_team_id,int64,0.0,96,Understat,Understat player-season stat/attribute,105 (26); 249 (26); 113 (25)
prediction_2025,understat_player_id,int64,0.0,2056,Understat,Understat player-season stat/attribute,12074 (2); 4920 (1); 7940 (1)
prediction_2025,understat_position,object,0.0,16,Understat,Understat player-season stat/attribute,D S (472); M S (423); F M S (291)
prediction_2025,understat_matches,int64,0.0,34,Understat,Understat player-season stat/attribute,27 (115); 29 (109); 28 (98)
prediction_2025,understat_minutes,int64,0.0,1385,Understat,Understat player-season stat/attribute,2790 (17); 1 (14); 2700 (13)
prediction_2025,understat_goals,int64,0.0,22,Understat,Understat player-season stat/attribute,0 (929); 1 (425); 2 (234)
prediction_2025,understat_xg,float64,0.0,1800,Understat,Understat player-season stat/attribute,0.0 (257); 0.834077 (2); 1.5922868372872472 (1)
prediction_2025,understat_np_goals,int64,0.0,20,Understat,Understat player-season stat/attribute,0 (948); 1 (429); 2 (249)
prediction_2025,understat_np_xg,float64,0.0,1800,Understat,Understat player-season stat/attribute,0.0 (257); 0.834077 (2); 1.5922868372872472 (1)
prediction_2025,understat_assists,int64,0.0,16,Understat,Understat player-season stat/attribute,0 (992); 1 (467); 2 (238)
prediction_2025,understat_xa,float64,0.0,1807,Understat,Understat player-season stat/attribute,0.0 (251); 4.160079178400338 (1); 0.630210192874074 (1)
prediction_2025,understat_shots,int64,0.0,93,Understat,Understat player-season stat/attribute,0 (257); 1 (92); 2 (92)
prediction_2025,understat_key_passes,int64,0.0,74,Understat,Understat player-season stat/attribute,0 (250); 1 (162); 2 (132)
prediction_2025,understat_yellow_cards,int64,0.0,12,Understat,Understat player-season stat/attribute,0 (457); 1 (418); 2 (355)
prediction_2025,understat_red_cards,int64,0.0,4,Understat,Understat player-season stat/attribute,0 (1828); 1 (211); 2 (17)
prediction_2025,understat_xg_chain,float64,0.0,2006,Understat,Understat player-season stat/attribute,0.0 (51); 1.55194 (2); 0.9601533878594636 (1)
prediction_2025,understat_xg_buildup,float64,0.0,1981,Understat,Understat player-season stat/attribute,0.0 (76); 1.55194 (2); 13.791643466800451 (1)
prediction_2025,market_value_date,float64,100.0,0,Transfermarkt target layer,Merged or engineered feature,nan (2057)
prediction_2025,transfermarkt_team_name,object,0.0,191,Transfermarkt,Transfermarkt attribute,Nottingham Forest (25); SSC Napoli (24); Udinese Calcio (24)
prediction_2025,transfermarkt_age_at_season,float64,0.0,25,Transfermarkt,Player age aligned to season from Transfermarkt,26.0 (182); 24.0 (182); 23.0 (176)
prediction_2025,transfermarkt_match_level,object,0.0,2,Transfermarkt,Transfermarkt attribute,ongoing_player_match (1121); ongoing_team_match (936)
prediction_2025,last_market_value_date,object,0.0,37,Transfermarkt target layer,Merged or engineered feature,2025-05-30 (375); 2025-06-17 (349); 2025-06-05 (309)
prediction_2025,last_transfermarkt_team_name,object,0.0,333,Transfermarkt,Transfermarkt metadata for previous market value,Chelsea FC (27); Manchester City (24); Inter Milan (23)
prediction_2025,last_transfermarkt_match_level,object,0.0,2,Transfermarkt,Transfermarkt metadata for previous market value,player_match (1413); team_match (644)
prediction_2025,matched_last_transfermarkt,int64,0.0,1,Engineered/Merged,Merged or engineered feature,1 (2057)
prediction_2025,understat_match_level,object,0.0,1,Understat,Understat player-season stat/attribute,player_league (2057)
prediction_2025,matched_understat,int64,0.0,1,Engineered/Merged,Merged or engineered feature,1 (2057)
prediction_2025,matched_transfermarkt,int64,0.0,1,Engineered/Merged,Merged or engineered feature,1 (2057)
prediction_2025,player_season_duplicate_n,int64,0.0,1,Engineered key/label,Merged or engineered feature,0 (2057)
prediction_2025,player_age,float64,0.0,25,Engineered/Merged,Model age feature (from transfermarkt_age_at_season),26.0 (182); 24.0 (182); 23.0 (176)
prediction_2025,player_age_sq,float64,0.0,25,Engineered/Merged,Merged or engineered feature,676.0 (182); 576.0 (182); 529.0 (176)
prediction_2025,age_peak_gap,float64,0.0,25,Engineered/Merged,Merged or engineered feature,-1.0 (182); -3.0 (182); -4.0 (176)
prediction_2025,is_u21,int64,0.0,2,Engineered feature,Merged or engineered feature,0 (1531); 1 (526)
prediction_2025,is_u23,int64,0.0,2,Engineered feature,Merged or engineered feature,0 (1192); 1 (865)
prediction_2025,is_over30,int64,0.0,2,Engineered feature,Merged or engineered feature,0 (1732); 1 (325)
prediction_2025,player_height_cm,int64,0.0,40,Engineered/Merged,Player height in centimeters,180 (149); 185 (145); 188 (129)
prediction_2025,player_weight_kg,int64,0.0,47,Engineered/Merged,Player weight in kilograms,75 (150); 70 (135); 76 (115)
prediction_2025,player_bmi,float64,0.0,554,Engineered/Merged,Body Mass Index computed from height and weight,23.148148148148145 (31); 22.530864197530864 (20); 21.604938271604937 (19)
prediction_2025,api_avg_rating_missing,int64,0.0,2,API-Football,Missing-value indicator flag for companion column,0 (2050); 1 (7)
prediction_2025,log_minutes,float64,0.0,1368,Engineered/Merged,Merged or engineered feature,7.901377353792616 (19); 7.996653875462607 (11); 5.198497031265826 (9)
prediction_2025,minutes_share_3420,float64,0.0,1368,Engineered/Merged,Merged or engineered feature,0.7894736842105263 (19); 0.868421052631579 (11); 0.0526315789473684 (9)
prediction_2025,minutes_per_appearance,float64,0.0,1666,Engineered/Merged,Merged or engineered feature,90.0 (132); 1.0 (7); 45.0 (7)
prediction_2025,start_rate,float64,0.0,262,Engineered/Merged,Merged or engineered feature,1.0 (301); 0.0 (135); 0.5 (53)
prediction_2025,minutes_per_start,float64,0.0,1385,Engineered/Merged,Merged or engineered feature,90.0 (137); 0.0 (135); 85.0 (8)
prediction_2025,sub_appearance_rate,float64,0.0,262,Engineered/Merged,Merged or engineered feature,0.0 (301); 1.0 (135); 0.5 (53)
prediction_2025,understat_goals_per90,float64,0.0,1014,Understat,Rate per 90 minutes,0.0 (929); 0.743801652892562 (3); 0.0967741935483871 (3)
prediction_2025,understat_xg_per90,float64,0.0,1800,Understat,Rate per 90 minutes,0.0 (257); 0.0854976423690205 (2); 0.0631859856066368 (1)
prediction_2025,understat_np_goals_per90,float64,0.0,992,Understat,Rate per 90 minutes,0.0 (948); 0.1255230125523012 (4); 0.1056338028169014 (3)
prediction_2025,understat_np_xg_per90,float64,0.0,1800,Understat,Rate per 90 minutes,0.0 (257); 0.0854976423690205 (2); 0.0631859856066368 (1)
prediction_2025,understat_assists_per90,float64,0.0,944,Understat,Rate per 90 minutes,0.0 (992); 0.0333333333333333 (6); 0.1104294478527607 (4)
prediction_2025,understat_xa_per90,float64,0.0,1807,Understat,Rate per 90 minutes,0.0 (251); 0.1505456880000122 (1); 0.0233796031981313 (1)
prediction_2025,understat_shots_per90,float64,0.0,1664,Understat,Rate per 90 minutes,0.0 (257); 0.9183673469387756 (4); 4.090909090909091 (4)
prediction_2025,understat_key_passes_per90,float64,0.0,1640,Understat,Rate per 90 minutes,0.0 (250); 1.0227272727272727 (4); 0.3377110694183864 (4)
prediction_2025,understat_xg_chain_per90,float64,0.0,2006,Understat,Rate per 90 minutes,0.0 (51); 0.159082687927107 (2); 0.0962291814113048 (1)
prediction_2025,understat_xg_buildup_per90,float64,0.0,1981,Understat,Rate per 90 minutes,0.0 (76); 0.159082687927107 (2); 0.4563411441220737 (1)
prediction_2025,shot_on_target_rate,float64,0.0,228,Engineered/Merged,Merged or engineered feature,0.0 (478); 0.5 (186); 0.3333333333333333 (115)
prediction_2025,goal_conversion_rate,float64,0.0,190,Engineered/Merged,Merged or engineered feature,0.0 (931); 0.2 (78); 0.1666666666666666 (61)
prediction_2025,dribble_success_rate,float64,0.0,359,Engineered/Merged,Merged or engineered feature,0.0 (336); 0.5 (168); 1.0 (145)
prediction_2025,duel_win_rate,float64,0.0,1278,Engineered/Merged,Merged or engineered feature,0.5 (73); 1.0 (53); 0.0 (43)
prediction_2025,goals_minus_xg,float64,0.0,1800,Engineered/Merged,Merged or engineered feature,0.0 (257); -0.834077 (2); -1.5922868372872472 (1)
prediction_2025,np_goals_minus_np_xg,float64,0.0,1800,Engineered/Merged,Merged or engineered feature,0.0 (257); -0.834077 (2); -1.5922868372872472 (1)
prediction_2025,assists_minus_xa,float64,0.0,1807,Engineered/Merged,Merged or engineered feature,0.0 (251); -1.1600791784003377 (1); 0.369789807125926 (1)
prediction_2025,xg_xa_per90,float64,0.0,1886,Engineered/Merged,Rate per 90 minutes,0.0 (171); 0.0854976423690205 (2); 0.2535633596988222 (1)
prediction_2025,np_xg_xa_per90,float64,0.0,1886,Engineered/Merged,Rate per 90 minutes,0.0 (171); 0.0854976423690205 (2); 0.2535633596988222 (1)
prediction_2025,goals_assists_per90,float64,0.0,633,Engineered/Merged,Rate per 90 minutes,0.0 (653); 0.123 (11); 0.122 (8)
prediction_2025,cards_per90,float64,0.0,1356,Engineered/Merged,Rate per 90 minutes,0.0 (443); 0.0333333333333333 (7); 0.4265402843601896 (5)
prediction_2025,api_minutes_pos_season_pct,float64,0.0,1747,API-Football,Percentile rank within season and model position,0.8 (16); 0.96 (9); 0.9066666666666666 (7)
prediction_2025,api_avg_rating_pos_season_pct,float64,0.0,1442,API-Football,Percentile rank within season and model position,0.6760869565217391 (6); 0.663768115942029 (5); 0.2028985507246377 (5)
prediction_2025,goals_assists_per90_pos_season_pct,float64,0.0,956,Engineered feature,Percentile rank within season and model position,0.1985507246376811 (273); 0.1049382716049382 (152); 0.47 (140)
prediction_2025,xg_xa_per90_pos_season_pct,float64,0.0,1871,Engineered feature,Percentile rank within season and model position,0.2966666666666667 (88); 0.0304347826086956 (41); 0.0150891632373113 (21)
prediction_2025,np_xg_xa_per90_pos_season_pct,float64,0.0,1871,Engineered feature,Percentile rank within season and model position,0.2966666666666667 (88); 0.0304347826086956 (41); 0.0150891632373113 (21)
prediction_2025,understat_xg_chain_per90_pos_season_pct,float64,0.0,1975,Understat,Percentile rank within season and model position,0.0144927536231884 (19); 0.0143442622950819 (13); 0.0096021947873799 (13)
prediction_2025,understat_xg_buildup_per90_pos_season_pct,float64,0.0,1950,Understat,Percentile rank within season and model position,0.0276639344262295 (26); 0.0181159420289855 (24); 0.0144032921810699 (20)
prediction_2025,api_tackles_total_per90_pos_season_pct,float64,0.0,1575,API-Football,Percentile rank within season and model position,0.34 (101); 0.0450819672131147 (43); 0.0210144927536231 (28)
prediction_2025,api_duels_won_per90_pos_season_pct,float64,0.0,1817,API-Football,Percentile rank within season and model position,0.0533333333333333 (15); 0.0122950819672131 (11); 0.0079710144927536 (10)
prediction_2025,api_passes_key_per90_pos_season_pct,float64,0.0,1497,API-Football,Percentile rank within season and model position,0.31 (92); 0.0623188405797101 (85); 0.040983606557377 (39)
prediction_2025,shot_on_target_rate_pos_season_pct,float64,0.0,399,Engineered feature,Percentile rank within season and model position,0.1413043478260869 (194); 0.5 (149); 0.0624142661179698 (90)
prediction_2025,duel_win_rate_pos_season_pct,float64,0.0,1509,Engineered feature,Percentile rank within season and model position,0.8633333333333333 (42); 0.2434782608695652 (27); 0.556241426611797 (26)
